lr,momentum,hidden,acc_train,acc_test,precision,recall,f1,train_mse,loss_curve
0.1,0.9,"(16,)",1.0,0.9942196531791907,0.9942133382960886,0.9942196531791907,0.9942110078138476,6.23882739523502e-05,"[0.7227062769614997, 0.38795756038638013, 0.2979311022686733, 0.24561311354926096, 0.22377203905363385, 0.2040489485837473, 0.18930149269357233, 0.1725501942970251, 0.1644306302627924, 0.15441434151867417, 0.13194437340644366, 0.12451693410862506, 0.11463919612089749, 0.11080985677248223, 0.10725095961393115, 0.09625460285237562, 0.08859167605073527, 0.08568424546239999, 0.07778295076450953, 0.07212849697157757, 0.06960589145588107, 0.0662409353836743, 0.0633899160146131, 0.05928763555242646, 0.05583575904111636, 0.05192142257565538, 0.050401030560941334, 0.04605259756707498, 0.04528447664567037, 0.042157500213785365, 0.04167251119808429, 0.03824248518928086, 0.035149740562401124, 0.033382239268696406, 0.03243518747268136, 0.03351727636189171, 0.031131870611080473, 0.029900115597412274, 0.028142775226621515, 0.02793197075508249, 0.02878788237843447, 0.025062989750790708, 0.024640858293506086, 0.0242788191453906, 0.022603428438534984, 0.022880119129406552, 0.021487681080446082, 0.02051790756988276, 0.02120554514195523, 0.021668515522574053, 0.02036377738825843, 0.019552972682768677, 0.019939361428314286, 0.018263845280410224, 0.0196902730501057, 0.01854002686748973, 0.01767507185189734, 0.01646229525424056, 0.016692034393527677, 0.016284284104336827, 0.01564348328692083, 0.016147748289221907, 0.01527265830893637, 0.015522386344734141, 0.014643263854617687, 0.014699494747546112, 0.01350814434196744, 0.01354707656336591, 0.014039993765972392, 0.012727367479553654, 0.012484620584480428, 0.013695323508612302, 0.013882183117631354, 0.01337553174161199, 0.012452993131846637, 0.01259492173909786, 0.012023281432274349, 0.011795117936174774, 0.011867985144250881, 0.013222769061190657, 0.012271864478661187, 0.010895571023171662, 0.01163061111114966, 0.012280798991390857, 0.010969839736962621, 0.010254180376976679, 0.010893313222697546, 0.010386316889207863, 0.010147709428027984, 0.01004368508264817, 0.010285063989983526, 0.009841554661614462, 0.009825010573444991, 0.010314312770568433, 0.010009013750269734, 0.009517745658388038, 0.009326507549736712, 0.009320332033275836, 0.00958047249550891, 0.009223461947857347, 0.009808770724240875, 0.010012181236667812, 0.009222733134535302, 0.009380819292051682, 0.009543308231256323, 0.009170690116983949, 0.008559428352539714, 0.008718813259264789, 0.009515957799040478, 0.009317335807019673, 0.008320598450307453, 0.008308307104138825, 0.008055752974434257, 0.008372526927850081, 0.008165958531918628, 0.00813362417815995, 0.008916027492557231, 0.008244669166785496, 0.007812315648917958, 0.007615226081398584, 0.0081539921145247, 0.007735496850239584, 0.0079711702610107, 0.008201584183364058, 0.007535928582236046, 0.0076664917415609785, 0.007336802819915924, 0.007384113729346965, 0.007662087866067857, 0.007353408277072567, 0.007492615849240796, 0.007284186803171477, 0.007389520253199083, 0.007284740888315866, 0.007742431575997637, 0.007421561713874304, 0.007203073855060693, 0.00724990690075286, 0.007124119398416608, 0.006979150008432356, 0.007314513013252324, 0.007039980366587395, 0.007039210181821539, 0.006906551917388276, 0.007000673269375282, 0.006772891746683118, 0.006736401444217799, 0.006760014203326462, 0.0067638953990764375, 0.006770092777233439, 0.006657822672207753, 0.006704297691486573, 0.006950164262922058, 0.006683274673578153, 0.006710289944188183, 0.006695668344491441, 0.006643675031425787, 0.007005734420712552, 0.007063435330503637, 0.006531554836216502, 0.00646940562602723, 0.006767066519506425, 0.0065875842633175636, 0.006529552890396988, 0.006506807175624237, 0.006429213057250471, 0.00642709084166959, 0.00632882389192491, 0.006401695444652346, 0.006303432214256168, 0.006244310706069482, 0.006352178498918676, 0.006177104193986124, 0.006199376584971077, 0.006294211500015046, 0.006292987595597782, 0.006057598290692059, 0.006075160406249468, 0.006084216409711956, 0.006047941098147752, 0.006155417053238782, 0.005963613745529496, 0.0059093332489523675, 0.005923209598312488, 0.005984254877714942, 0.0059298339056963025, 0.005938778296110854, 0.005843720196196779, 0.00609439018046366, 0.005960522756450382, 0.006124420206933481, 0.006032967727508009, 0.005881245449983694, 0.006084921424497209, 0.005964263644314044, 0.005821060505209456, 0.005834422819240281, 0.005863223523037654]"
0.8,0.3,"(8,)",1.0,0.9903660886319846,0.99045124043656,0.9903660886319846,0.990340574258192,8.588521162316507e-05,"[0.662716173614256, 0.4651493967168988, 0.32424926309036717, 0.2664098091174893, 0.2940117805922054, 0.24289803353277786, 0.21745980566318082, 0.2564514627557419, 0.17973046087398603, 0.19227274542152453, 0.2235954159602416, 0.2066058934034292, 0.16824214882161986, 0.14705349701287657, 0.15196189764847529, 0.1311347242001359, 0.1341344595051982, 0.13758789769715168, 0.12006236465375582, 0.10261976988027728, 0.08857974650360505, 0.06958222074215657, 0.06736020317510698, 0.06325799019937117, 0.10991421552995205, 0.05710227455839007, 0.05615422207150699, 0.06541798851195313, 0.04058492379484551, 0.04687805577480284, 0.04749379271790588, 0.043117452354535075, 0.043141074438383706, 0.038696861345118745, 0.038489677675261444, 0.03832230992545516, 0.03842686375641659, 0.057809993130284495, 0.035020964772636935, 0.030836627590593427, 0.029875038485891, 0.02973752590600397, 0.026789236222304752, 0.026739421840196956, 0.02602759014642192, 0.02620004602602075, 0.03202492164982346, 0.030767146162160676, 0.02531681678293833, 0.027102103266114817, 0.02379720954025693, 0.0227973803318094, 0.0344452922737347, 0.01957172106429007, 0.022639739121511845, 0.021931978927037517, 0.02054660046464323, 0.01988960049360595, 0.022129837529321295, 0.020274733032825024, 0.020140794097581596, 0.020935711168309265, 0.022454382245324034, 0.01641898916950627, 0.01794640650696905, 0.01669618492967929, 0.02383916454938555, 0.01698960465548236, 0.015230687132226134, 0.015559316948463514, 0.015726786731777714, 0.0162903615070565, 0.016296789547185338, 0.015936326554844452, 0.015131210262591878, 0.014846938301073457, 0.01557775357743129, 0.014035377609450169, 0.014692190402783903, 0.013846202996091276, 0.015290526475977109, 0.013969308082281837, 0.01455195319550949, 0.012737206319460511, 0.013110395575524673, 0.0132999011879496, 0.01198695431134002, 0.01291951730534732, 0.01237036072801869, 0.014615797934252453, 0.012037750570994245, 0.011802901719441664, 0.011556302173334273, 0.011529777839679815, 0.010472871653545235, 0.012823183525256973, 0.01079372340699802, 0.010452713419252626, 0.010938717372476332, 0.011198440612048808, 0.01057557865776143, 0.011024041113560824, 0.0100068077552177, 0.011068247184277282, 0.0129589078391769, 0.010140841974521229, 0.009757834454120031, 0.010351145783265299, 0.009745229416971693, 0.01023531273519022, 0.009682264324015784, 0.010276253772723901, 0.01068393901637821, 0.009749827829385273, 0.009401377272852172, 0.009418925505574842, 0.00910715608485417, 0.009128906186739626, 0.008819842045550072, 0.009523491119474542, 0.009676629034737523, 0.008706093365929465, 0.00859871759389858, 0.00847803526840379, 0.00943668201507169, 0.009260245265722698, 0.00850241553755189, 0.008412190163209982, 0.008481443780028677, 0.009441011921219614, 0.008637205047373427, 0.008086368432082226, 0.007866183373358279, 0.007952127318886146, 0.00844025029964239, 0.008433712532907608, 0.008402007025104114, 0.008276395588090617, 0.007870321290299902, 0.007903075466815918, 0.007681232468422767, 0.008062498880318616, 0.008507777043099846, 0.007933385938820342, 0.0076444196177213415, 0.007806107322345613, 0.007704746853306579, 0.007495526556879905, 0.007936108630044535, 0.008753135948991913, 0.007735643787423602, 0.007434127262190742, 0.00780508703695309, 0.007683643965226628, 0.007572502789852228, 0.007577899780962917, 0.0074267856127099826, 0.007695334196999915, 0.007561735852098057, 0.007337746880399749, 0.007326156131342174, 0.007217332216437317, 0.007263782838479996, 0.0076778306422853135, 0.007356650704595322, 0.007229814056446462, 0.0071694887856626945, 0.007064890820937279, 0.007355651242149265, 0.007002056875214577, 0.006888214667067047, 0.007332243726764063, 0.007247100398704455, 0.006957646449619063, 0.0069185243941089535, 0.006692793583957333, 0.006914105873547519, 0.006956365596498568, 0.006762155989700333, 0.0072268988904055035, 0.006848414887515766, 0.007033607608357247, 0.0066277150200097935, 0.006886095197443765, 0.006938655317404106, 0.006636527338326981, 0.007032717401634307, 0.006604700592469688, 0.00705209280003796, 0.006512765686469449, 0.006699889250145741, 0.006789373443490999, 0.00679398487270064, 0.00690996643338276, 0.006617821945819061, 0.006619927763050933, 0.0065658344199139]"
0.8,0.3,"(16,)",1.0,0.9903660886319846,0.9903776515818116,0.9903660886319846,0.9903222512876041,3.6683150746633696e-05,"[0.604469537477246, 0.37310183061871854, 0.33536294368056835, 0.2534888356259709, 0.22651828537113117, 0.1911945470907056, 0.18771930991715569, 0.1765746061900972, 0.1336599402412531, 0.15208355338944773, 0.1101640372042877, 0.13068181767718257, 0.08924760813851768, 0.07737144105639009, 0.09567145814057282, 0.06959314790934207, 0.06534777713022404, 0.05747979850059757, 0.05598673401737025, 0.05116507765522467, 0.04581578158038762, 0.04525039982163605, 0.041576517263701755, 0.039807829405458024, 0.036961448831818226, 0.04204528353694005, 0.033110951244623904, 0.0342949408312537, 0.030202796832959917, 0.11354929413144678, 0.03039275801320061, 0.025799518493159958, 0.024524260562449135, 0.023984811406551874, 0.02394046331467337, 0.021979690076938816, 0.020827042256828642, 0.02019428947616202, 0.01815852379028307, 0.018565456161674175, 0.01994950998991816, 0.017828594686407663, 0.0189843154291964, 0.01638601266401514, 0.017656245003640665, 0.015372775366799216, 0.01466702130446897, 0.014093792040276897, 0.01397747582978049, 0.013790286460283269, 0.014299261049168954, 0.012389369699921458, 0.013226994544445352, 0.012549318380063642, 0.012695142118486321, 0.013193927475829597, 0.012141604282959373, 0.012463205007142935, 0.011420924538049755, 0.011289205393993418, 0.010500915932026442, 0.01065329394292848, 0.010518220218676882, 0.009943480999487067, 0.010523804443283493, 0.009842292514419105, 0.009781687874815629, 0.009030762016309587, 0.010809651015637753, 0.010034403750526888, 0.009273450040478652, 0.009174070254814237, 0.00874184362726132, 0.009387038882531935, 0.008743574315881571, 0.008668872899861336, 0.008536086143010036, 0.008218744489908687, 0.008180580534215597, 0.008062494400540061, 0.008231905404396243, 0.007814009951895023, 0.007670356977374511, 0.00766650472595508, 0.007601721287974339, 0.007381664051090234, 0.007636440051663198, 0.007441233360892959, 0.007418456375456079, 0.007444466558345246, 0.0075024610949891496, 0.007401829442527891, 0.006997748924407939, 0.007212420180966095, 0.007129312147289093, 0.006859651686925029, 0.007043679387188421, 0.007021077759672872, 0.006870515205856443, 0.006660948081592064, 0.006817455563455165, 0.006716540899910035, 0.006686771188695989, 0.0064717752534496, 0.00654184791509231, 0.00649064783097351, 0.006442988299786865, 0.00664816571399807, 0.00628214698528631, 0.006168822554850138, 0.006335665484506614, 0.006426543977867569, 0.0062569952908824245, 0.0061230991371133804, 0.006083829046237374, 0.0061590699053333175, 0.006073117650319104, 0.006062041172579481, 0.006000821878846344, 0.005902582638302385, 0.005898337111655905, 0.005815351820219503, 0.005894551081781739, 0.005802808130735672, 0.005755696927060224, 0.005825637760937471, 0.005755403272390119, 0.0057517474259133035, 0.0057332092133842265, 0.005613876087221317, 0.005827089371603501, 0.005683834443452869, 0.005560799667958908, 0.005622940614589401, 0.00565119389263747, 0.005566032161902647, 0.005577818803563505, 0.005556508057593898, 0.005513082313027359, 0.005459054856312503, 0.005452957657074482, 0.005512524679570826, 0.005538256367988981, 0.005408052840809187, 0.0054202782872881305, 0.005382047212376293, 0.005441465048462765, 0.005401885579278726, 0.005322171143561117, 0.005335193288442482, 0.00532285435240622]"
0.8,0.9,"(16,)",1.0,0.9826589595375722,0.9825988886031054,0.9826589595375722,0.9825800523176874,1.8386076820046635e-06,"[0.5464682816991809, 0.3022277772384393, 0.18445234978468686, 0.12864324522177153, 0.10229949914441361, 0.10256161002720518, 0.11958763506300538, 0.09937354536399429, 0.09493978180979627, 0.08746018088376394, 0.072039361156698, 0.08419461221684921, 0.06427656762415596, 0.05789229238365174, 0.07348334403320622, 0.09803552642879784, 0.07505289664706635, 0.07364674408200515, 0.04841441162484978, 0.0548587680810986, 0.05988607659860213, 0.10102598868657157, 0.0993344021645453, 0.09134813209055678, 0.04715495283912455, 0.05086086482840323, 0.08657855993390469, 0.09330243921130686, 0.04222867179405732, 0.03296711796291606, 0.02788066511641936, 0.02440144039202884, 0.020432891925735372, 0.013312066635505026, 0.014175457085755013, 0.010358757179292032, 0.009976235950584047, 0.00978555706493229, 0.009365738229450221, 0.009179296350324209, 0.00905758554433137, 0.008995939295619336, 0.00893543647946088, 0.008890359425323327, 0.00884221599751776, 0.008798922703743078, 0.008767617257759241, 0.008771584836945793, 0.008728801122288722, 0.008663871293442038, 0.008618989071416353, 0.00856495457291103, 0.008562099653121161, 0.008525630305206143, 0.008490196710489572, 0.008452569238519832, 0.008413824466415507, 0.008369370529827544, 0.008342791803169932, 0.008315449558140056, 0.0083027199449033, 0.008269090103794431]"
0.1,0.9,"(8,)",1.0,0.9788053949903661,0.9792622531442123,0.9788053949903661,0.9788529083189502,0.00023023480789898516,"[0.8690077166322675, 0.47266492500989093, 0.3756155693514177, 0.34463789561027586, 0.3259522738955256, 0.3015785310838256, 0.27568784855920536, 0.24872171984213295, 0.22427430860375996, 0.20670970548027323, 0.19923917103140962, 0.1798962979109109, 0.1811034389668484, 0.16085317907189456, 0.16120809067961667, 0.14878232924315882, 0.14233475357857436, 0.13086490717253138, 0.1303321389707911, 0.12035894952383383, 0.11241996383748062, 0.11177120619270933, 0.1061252737533001, 0.11023489916003743, 0.09856967635566541, 0.09327813804200742, 0.09089269902577578, 0.09190228633388071, 0.08823806130568129, 0.08515197734694298, 0.08010585266114419, 0.07830237113588875, 0.07755285256213582, 0.06834823128009618, 0.07420799267846716, 0.07322783529319109, 0.07351326140718051, 0.06888508604603301, 0.062334033846642815, 0.0613482324275082, 0.06375257719649326, 0.05634881716231022, 0.052784279637037475, 0.05780171055639529, 0.06246076272275713, 0.051222871978296856, 0.053572638833948145, 0.05091337335247035, 0.056043704981552915, 0.05301405694855429, 0.04544976219291788, 0.044923036489743946, 0.04721979486259155, 0.044722943103867804, 0.04095401064394711, 0.04355937447718249, 0.04045953782748067, 0.04570796127757355, 0.04211837417648835, 0.036106115206736795, 0.04164542616893506, 0.04320097314461097, 0.04107720528052301, 0.03958193468200325, 0.043426736698213605, 0.04126110808351768, 0.038151012894275436, 0.04208942808247838, 0.033294248774839996, 0.03691191949518996, 0.036723374001832926, 0.039470426498003114, 0.03384778111141672, 0.03188737795009195, 0.033538302790260446, 0.03873868612364333, 0.032148760013249504, 0.03667606964825959, 0.04386677691769105, 0.037619809551137987, 0.03798491109754368, 0.03337760454064195, 0.02957538374456003, 0.032194408873263, 0.028929012744694494, 0.029346421985670425, 0.03024322949700868, 0.029727249648341694, 0.030866262425407447, 0.03217087973409046, 0.04316368717986426, 0.029076781181726435, 0.031583944121074264, 0.029673272540743624, 0.027389606865079665, 0.031332917314940076, 0.023138019462993542, 0.02941157486033276, 0.03029741606511312, 0.023662047302475446, 0.03180568832806298, 0.027255876281981416, 0.02691697563702488, 0.030498882125053375, 0.025836367764841595, 0.033094989375221914, 0.02634845943554974, 0.023672815985264793, 0.026195104858251207, 0.025103595112611687, 0.02776398015988168, 0.02351470567263942, 0.02456588612733131, 0.030883092257823742, 0.026845199899903156, 0.023925369819708577, 0.02010214484071521, 0.023031201656245913, 0.020241237979354475, 0.022919151972588717, 0.02366947089945014, 0.020529594088277103, 0.020064155935974853, 0.017927139903107098, 0.019257081799331187, 0.019375612602894388, 0.021360272557884172, 0.03373171806146995, 0.03162397815502313, 0.022288402387185997, 0.017711630476310764, 0.017682192059301882, 0.01758768891196035, 0.01589436865533053, 0.017496877831037434, 0.01852661965289814, 0.013978973348276176, 0.019438980135462924, 0.01808767799458458, 0.014698286930911904, 0.017214796220880856, 0.020102086592876784, 0.020114597445277566, 0.02364729156606973, 0.02211407724935681, 0.021739617661793435, 0.01792642079177156, 0.014424587305486668, 0.01784767861034577, 0.015891379846617305, 0.016110393016290116, 0.01594297959466871, 0.020792125103163712, 0.013245633574086927, 0.012659522398698358, 0.013974354596326226, 0.013356834889825102, 0.01633390075257124, 0.015566256298112301, 0.014151723844713622, 0.012906291202969317, 0.01313973908147799, 0.014191333008355615, 0.014333878064908826, 0.019211430080053275, 0.014530645139011205, 0.01409888843966467, 0.011292983777538377, 0.011523581228985039, 0.012118543172769558, 0.012358593698213816, 0.014074633666667813, 0.017659352728913644, 0.014653091121777657, 0.012322717187811099, 0.013412442977620283, 0.01400033160929964, 0.012513842683814027, 0.011537829747469084, 0.012060171779509734, 0.016033875818213306, 0.011324712486666904, 0.015552190164642238, 0.01801761957412752, 0.009991597797145393, 0.010499691096570108, 0.009900693526503747, 0.010106097026803826, 0.010297848997153356, 0.009643462825197168, 0.00943032155419901, 0.009944196966059703, 0.009190772342748541, 0.009996989926474707, 0.010480177534857978, 0.009810048691459848, 0.009957700752750818, 0.013033256142019703, 0.011712275296239628, 0.009678087760699281]"
0.1,0.3,"(16,)",0.9950372208436724,0.976878612716763,0.976863198814502,0.976878612716763,0.976803669912888,0.0030092277096842204,"[0.8890952731770977, 0.6485918050653613, 0.5497800300488498, 0.48345116136763494, 0.4385017780374633, 0.4055954881805386, 0.3825024393570214, 0.36287811978798856, 0.3456648575428389, 0.331521903995365, 0.3173732393114395, 0.30666524093576253, 0.29460894909132895, 0.2845449959494544, 0.276420693065143, 0.2663290027704376, 0.25865690323112406, 0.2519115380796726, 0.2443254655029927, 0.23964380018534137, 0.23326806374309048, 0.2288793440839566, 0.2234914935757417, 0.21913108329796824, 0.2130959075747969, 0.20865985812433363, 0.20683426414210174, 0.200876397209413, 0.19776487368016538, 0.19550300986876845, 0.19076557096419872, 0.1869800634688008, 0.18253398851603794, 0.17870844018625398, 0.1762747185309724, 0.1739010309992414, 0.17178616257472412, 0.1679944927567999, 0.1657553172138904, 0.16199294991061286, 0.15943042798777382, 0.1576744906364877, 0.15750114280076377, 0.15206401603472314, 0.1488409888325907, 0.14633856480393262, 0.14414181289243377, 0.14159481202888055, 0.14065838775471587, 0.13712006212565692, 0.13582512154228424, 0.13307023171423618, 0.13251381035532886, 0.1299468639050168, 0.12814567190853277, 0.1241818625609678, 0.12440711099250348, 0.12428566035757388, 0.12087626468963018, 0.11912466258382425, 0.11702444368510771, 0.11709480302764134, 0.11402789048270098, 0.11409966398957963, 0.1115613918967926, 0.11092536557527155, 0.1096386322553632, 0.10837845543888897, 0.10641903246181332, 0.10487294928654955, 0.1040947136903511, 0.1032958132177711, 0.10199524881274256, 0.10127417298249167, 0.09878321928391127, 0.09911072181015468, 0.0976143651927768, 0.09675159437368694, 0.09510110380713534, 0.09432679913765725, 0.09349441287081593, 0.09265416466967914, 0.09116621525125727, 0.09078807063884006, 0.08917573097268466, 0.08891754927566833, 0.08789936465061943, 0.08794368481839933, 0.0863014342189115, 0.08505110541259546, 0.08506251619286588, 0.08479153490371633, 0.08212170196628102, 0.08333606780357154, 0.0816630082709615, 0.08085453215552953, 0.07967762129280073, 0.07820882953326809, 0.07817261531308585, 0.07653234528691231, 0.07719289033933151, 0.07523333635076769, 0.07575976892291549, 0.07490431103041206, 0.07413727633866063, 0.07379611027604811, 0.07320350672778339, 0.07275957005000609, 0.07099073425755781, 0.07085150888524755, 0.07028004527918116, 0.07084144746336574, 0.06993146861730255, 0.06786923450290738, 0.06724109549280671, 0.0670890592809999, 0.06696122627507177, 0.06515224076307984, 0.06548367839290056, 0.06469175286333982, 0.06367853658739527, 0.0633312176236325, 0.06274527451620257, 0.06190598170389847, 0.06078194257867159, 0.06168123389051522, 0.0605852236487373, 0.06001444168797745, 0.0592901188661135, 0.058892630193875625, 0.058252716896616215, 0.05778615967965642, 0.05713150338582737, 0.057548788338257925, 0.057148274643769974, 0.05546226116423861, 0.05582042498323958, 0.05503641251318388, 0.05429607528383987, 0.05361538389965681, 0.052537359391090395, 0.05294776381545382, 0.0529989220640119, 0.05184204037721424, 0.050919256556638794, 0.051300272176468154, 0.050649464503304376, 0.049781202241397995, 0.04945906059120559, 0.05031425892441835, 0.049248780341586834, 0.04946259503291819, 0.04792196301045487, 0.048178832880856115, 0.04755770079449401, 0.04692613013757504, 0.04644259992204821, 0.046582595877842116, 0.04642793294121222, 0.045735085819481866, 0.04449221669412291, 0.0445072104102805, 0.04442761164563755, 0.04450305453331705, 0.04309580377094603, 0.0426876996259848, 0.04341975068025461, 0.042883315084242285, 0.042639796876251766, 0.041978626830444385, 0.042210475835097835, 0.04147517357023708, 0.041162445997399176, 0.04037354887986098, 0.04058497299046587, 0.04032646021231021, 0.040438589777874775, 0.03990429983411293, 0.03933235844378514, 0.038735048288908565, 0.038998622108350374, 0.03903800590527981, 0.038432912041822066, 0.0385281359113658, 0.037713225981861706, 0.03719111318524505, 0.037545086255548143, 0.03688450218704038, 0.03685794461672502, 0.036259689703349675, 0.03641680864385195, 0.036722191434643746, 0.03569076771335183, 0.03542995793321643, 0.034723312477802686, 0.03600541551443619, 0.03499927167239726, 0.034610120197725844, 0.034233398317532304, 0.03449907508021444]"
0.01,0.9,"(16,)",0.989247311827957,0.9672447013487476,0.9680407902951256,0.9672447013487476,0.9672483047124261,0.005909556063928471,"[1.0535122039257883, 0.7411249897176657, 0.6402751500079195, 0.5748377411512936, 0.520150771022902, 0.476861968913761, 0.4447730853704012, 0.4188364977381026, 0.3994334625675074, 0.38284764221994866, 0.36831639539777333, 0.3558059510234531, 0.3442759028473983, 0.33402800781215247, 0.3247566528694508, 0.3155118276521512, 0.30714176991847353, 0.29940501132909286, 0.29228847925781903, 0.28502620456665295, 0.2782072829614477, 0.272207156393444, 0.2664040932782504, 0.2603532195276161, 0.2555390201120644, 0.2513919952396773, 0.24738233608172566, 0.2414713588026786, 0.23736207765295503, 0.2330643371640921, 0.22951302121492412, 0.22632638943245456, 0.22336154321593735, 0.21966832327343766, 0.21566650515828528, 0.2128563329834193, 0.20950799423273853, 0.20794451419454563, 0.20444865420162095, 0.2012648711404693, 0.19924347570786263, 0.1971231728256169, 0.1950591113620452, 0.19244178472555903, 0.18942030081608327, 0.18840193603026711, 0.18496204425900634, 0.183886943894393, 0.1810820385269533, 0.17932930813576994, 0.17758956209571658, 0.17548261074218188, 0.1738976662755411, 0.17227702586043228, 0.17042320723801832, 0.16818554738824124, 0.1670146101131884, 0.16477585361425082, 0.16316393330574938, 0.16084229877440293, 0.15931993564990582, 0.15932224213299917, 0.1578056433412528, 0.15529661739675768, 0.15324502797553474, 0.15195450713813433, 0.15013181462957487, 0.1487735754040019, 0.14774697532572387, 0.14628852707336917, 0.14437713595958665, 0.1441963154410498, 0.14177445897500945, 0.1401265588637904, 0.138780605338593, 0.13772587907921338, 0.13615064132871493, 0.13565521950152293, 0.1342874628884585, 0.13196270507834026, 0.13165520300901398, 0.13074837782347606, 0.12834137408803717, 0.12749023239512416, 0.125406736536009, 0.12482865084341804, 0.1231681618388252, 0.12239145390967195, 0.12103384216532091, 0.11960447963215748, 0.11912561844702008, 0.11851618997134154, 0.11698430317082248, 0.11550247047164779, 0.11602127446174763, 0.11335709722669514, 0.1128098491152425, 0.11153539583249208, 0.11125267748298778, 0.10937367168757334, 0.10960864531205833, 0.10760547517640438, 0.1069770520436835, 0.10587389621709012, 0.10513530677550818, 0.10423935827412975, 0.10294800085505526, 0.10289970976414192, 0.10136365173576915, 0.10053909507409048, 0.09971519676954337, 0.09943720565522152, 0.0981479027003933, 0.09824607789225324, 0.09699544941567013, 0.09627768397180894, 0.0951782700881905, 0.09435318059414816, 0.09389193109599343, 0.09355207142100667, 0.09242921493366874, 0.0915651909705251, 0.0920316825983794, 0.0908858105393407, 0.08985033432852288, 0.08930975486430559, 0.08861383072066702, 0.08776892201396193, 0.08729677829358327, 0.08655059385770046, 0.08586043134965891, 0.08590597492435591, 0.08506066239405163, 0.08425523036953975, 0.08357686274972428, 0.08305650609985182, 0.08236956184214952, 0.08225887230249787, 0.081345571130141, 0.08077506157539921, 0.08063826761459762, 0.08096465337536739, 0.07936351283607128, 0.07908553564494945, 0.07882906914992731, 0.07777640933702072, 0.07742716161398056, 0.07688621400695185, 0.07737410754679415, 0.07578428314379654, 0.07500512351711, 0.07502798991246795, 0.07437032196191559, 0.07372145646156557, 0.07305313077957981, 0.0725831441532105, 0.0724422982796846, 0.07264103996825585, 0.07170097892465264, 0.07074577867717048, 0.07137701459475854, 0.07056513993379289, 0.06974567241199202, 0.06955374178571846, 0.06899088111047763, 0.06840388927795678, 0.06846332281435577, 0.06773879958760753, 0.06745104043947063, 0.06657453006018275, 0.06719739663154124, 0.06571310720153067, 0.0654682645866481, 0.06487913584531174, 0.06469792826164146, 0.06507502993746814, 0.06446138834453578, 0.06364220892598045, 0.06327657981574994, 0.06262967776173621, 0.06211690761026159, 0.06183510218642439, 0.06133177118211654, 0.06093836907753436, 0.06055536850972592, 0.060257101776637824, 0.060125446699187554, 0.059303323150248846, 0.05928644709427307, 0.058812873553274865, 0.05897953462003304, 0.05848494994456626, 0.05731491527318474, 0.057201973550750754, 0.05706462333127183, 0.056570418999976314, 0.05713882490980677, 0.056217110935934296, 0.05584918118103792, 0.0553687738746709]"
0.1,0.3,"(8,)",0.9760132340777502,0.9633911368015414,0.9645235439272556,0.9633911368015414,0.9634392078040007,0.009499001973783092,"[1.073137013591438, 0.7502044009175913, 0.6125054833988626, 0.5207181822491378, 0.46259740600599697, 0.425394748195124, 0.39918481459058974, 0.3812635771745895, 0.36549264205801263, 0.3536266412885721, 0.34303306556061536, 0.33264588118900024, 0.3242267376296227, 0.3144689771729327, 0.30628013162654083, 0.29774767578574324, 0.2904440054108025, 0.2815112993970191, 0.2758513867271449, 0.2696784555939259, 0.263086229765792, 0.25520244246214063, 0.25161776610664577, 0.2462228548134208, 0.2423718424136753, 0.23647351102006203, 0.23284444250930628, 0.22973767812159604, 0.2247712421445615, 0.22332695915316625, 0.21989195926512653, 0.21734472436064492, 0.21248136000363144, 0.21119042526765888, 0.20896202591223273, 0.20735668188307255, 0.20321749738489828, 0.20138788842724167, 0.19922595023712567, 0.19779266204448373, 0.19816731541347302, 0.19354728162796211, 0.19088263952638146, 0.19085637113279677, 0.18729632105388258, 0.186715029318156, 0.1860334615044902, 0.18295482449328457, 0.18307397886717508, 0.18271300210584349, 0.17864694904576883, 0.17828079175615288, 0.1778510891063675, 0.17626294995713443, 0.1761222696374786, 0.17418095359257893, 0.17244047504060922, 0.17070885598936356, 0.17015703807691804, 0.1680687864350869, 0.1679073446695823, 0.16831092096872152, 0.1668896420764661, 0.16327053946264145, 0.1609793783558377, 0.16137504624385404, 0.16131346972672042, 0.1611781631252218, 0.15830472801610404, 0.1577267903119801, 0.15402600077813086, 0.15565042391239892, 0.15498561376789774, 0.1521926534538404, 0.15403591352703636, 0.15160901928260065, 0.1500270344885865, 0.15129593514330503, 0.14941190193326728, 0.14800136642455497, 0.1474326870329326, 0.14675236419752233, 0.1435267432144703, 0.1458943916608422, 0.14339486989447786, 0.14107578452520791, 0.1411083479510538, 0.13912304441809756, 0.14107092105465957, 0.13772105247783847, 0.13572099474841823, 0.13586350628246466, 0.13595221542710226, 0.1340459483412461, 0.130967295044208, 0.1312528669737277, 0.12978274771895812, 0.12812098868103966, 0.12797569328437697, 0.1289686909587138, 0.12654684485787024, 0.12576904583655665, 0.12489250731690724, 0.12460113808471222, 0.12316250254886249, 0.12130652046455094, 0.1197459548015268, 0.11980349685817686, 0.11815185077338247, 0.11786029284093757, 0.11613412635544133, 0.11634757395952645, 0.1170172546669875, 0.11522627810473451, 0.11316055907648125, 0.1123973865946414, 0.11100621173163215, 0.10982913556827546, 0.10929461237660741, 0.11083455994864402, 0.10706790366153834, 0.10715783341759726, 0.10481685128521488, 0.10408469893704143, 0.10448704453841809, 0.1034251062265658, 0.10426293594857293, 0.10406903289839894, 0.10143389528298798, 0.10339848099584213, 0.10170591721867775, 0.09898796079211478, 0.0989043312720038, 0.09769645975909533, 0.0982905724847545, 0.09932489840407792, 0.09868798903613657, 0.09663364002877695, 0.09667479145366543, 0.09838729715851113, 0.09546237231499873, 0.09582976003956331, 0.09538319388911463, 0.09547271155212138, 0.09444475447760169, 0.09477882297306535, 0.09337134195024822, 0.0915462113765466, 0.0917013523374097, 0.09262922148103889, 0.09152361757974425, 0.09165267953633742, 0.0911111109934131, 0.09050961870264021, 0.09042600008642496, 0.09065176192391672, 0.08804353516330603, 0.08928934197504644, 0.08956908887598516, 0.08939358983200309, 0.08730399668687362, 0.08970728392703352, 0.08748481594221102, 0.08872811633074681, 0.0882307693269376, 0.08725778665177333, 0.08877687069751788, 0.08610600886603263, 0.08716547794635264, 0.08550714963043556, 0.08435439953223757, 0.08733261395376596, 0.08359774334092339, 0.08498404028937274, 0.085224588730905, 0.08379575930339037, 0.08392144221322599, 0.08566612002602975, 0.08198451508656758, 0.08499497585373324, 0.08251690959049253, 0.08300255614566708, 0.08094697591089915, 0.08436617342177292, 0.08362853414097988, 0.08176910323001642, 0.08185957733670336, 0.08083604141983004, 0.08238481487835135, 0.08112711408504135, 0.0826739044121219, 0.08067600483873609, 0.0796563057466027, 0.08137952795927142, 0.07993686163312903, 0.07866091403460417, 0.07900827422980557, 0.07870977141747816, 0.07804757870169661, 0.07875718637320378]"
0.01,0.9,"(8,)",0.9735318444995864,0.9576107899807321,0.9593853160327148,0.9576107899807321,0.9577976790071997,0.011566719441519302,"[1.2748171007661933, 0.8978629344319998, 0.7591955584741368, 0.6660001220338609, 0.5899772633976031, 0.5302804730169143, 0.48521242098608636, 0.4523307199036628, 0.4274253675628027, 0.4092601617205278, 0.3953170668369097, 0.3831908932004171, 0.37367262535425094, 0.36427304789453496, 0.35614893859799357, 0.3490395116094448, 0.3419302705020407, 0.33558789153354734, 0.32992275644990104, 0.3239908252175664, 0.3180153962637207, 0.31449145930313926, 0.3069216652908502, 0.30239701586458106, 0.2961711521879917, 0.29055884038203195, 0.2862430935877005, 0.28017929746114595, 0.2757742064135569, 0.2706760385153058, 0.26664088519221746, 0.2613955025080389, 0.2571176771490106, 0.2532869690222517, 0.24962288840665356, 0.2452112719998791, 0.24210855587101657, 0.23915275444201364, 0.2360800304433524, 0.23268145466409135, 0.229171498979449, 0.22647567858003056, 0.22425403897340926, 0.22094748868426112, 0.21925116245038448, 0.21711421481834756, 0.21465933563182066, 0.21208887581906236, 0.2097355218166266, 0.20828498976557475, 0.20683873669775357, 0.2037594374461491, 0.2019473117247896, 0.20059188811847772, 0.19842702097800674, 0.19780444508796616, 0.19633917219683766, 0.1942890608148984, 0.19262510092151186, 0.19160743251461262, 0.19140450308154902, 0.18955534475605454, 0.18758319002762353, 0.18629949493528403, 0.1851258900233553, 0.1840396172708005, 0.1826602840272124, 0.18125429084976963, 0.17974579272614036, 0.17991627166665455, 0.1789579184387153, 0.17707597553547336, 0.17607929295699262, 0.17486183033322114, 0.17356092699713052, 0.17273808639765384, 0.1716772721392489, 0.17203141552500179, 0.1698909413780758, 0.16888685758283425, 0.16765757563715966, 0.16707001594219673, 0.16611520380897327, 0.1659470917226832, 0.16473826121062246, 0.16409770666530485, 0.16291323387820242, 0.1625315681949073, 0.16109565610123452, 0.16150168376217064, 0.16028015754704888, 0.15916939478131314, 0.15882645382444055, 0.15784246993955597, 0.1583254764275318, 0.1573015272992164, 0.1562890503630042, 0.15551075805973022, 0.15568383829957802, 0.15448729994256077, 0.15368750091650452, 0.15391524988777283, 0.15228719318490247, 0.15106444003310157, 0.151410561010465, 0.1504736418777072, 0.14947741755604083, 0.14975361994579778, 0.1480322617621005, 0.14749147288049505, 0.14689076734943654, 0.1478589771919147, 0.14615235134892943, 0.14492368339485165, 0.14393016982133816, 0.14418869054129796, 0.14313875272701904, 0.1437048314839334, 0.14182760434011224, 0.1412502344505415, 0.13990460995324633, 0.1392175806812209, 0.13869908034833556, 0.1395939571587873, 0.13700902437129892, 0.13721758329810854, 0.13748464420684922, 0.13515111945192768, 0.13561118046103798, 0.13314092718663548, 0.13305791955985588, 0.1338138852746711, 0.13169594561278433, 0.12989724472754657, 0.1306058258767417, 0.1296769116966046, 0.12786548578014195, 0.1280069748636211, 0.1270660754674744, 0.12714359323859906, 0.12597231092767994, 0.12554354087059946, 0.12497173918368785, 0.12427886492961157, 0.12322063820826151, 0.12171926469182712, 0.12134412302991923, 0.12082468081150224, 0.12080324676529096, 0.11923163847086142, 0.11863878020430808, 0.11726495638726402, 0.11613862011982848, 0.11615905089773307, 0.11553291800202095, 0.11497350810678816, 0.1141391088090975, 0.11392011189553869, 0.11315083616832507, 0.11212283763622749, 0.11107974200073098, 0.11098743016911172, 0.10966631426072597, 0.10963380837737027, 0.10969335987587635, 0.10916132975918409, 0.10801626948049885, 0.10708157102355799, 0.10675544755217531, 0.10603288028210774, 0.10860307401751917, 0.10579033188465452, 0.10538757298920058, 0.10458912305299149, 0.10323942791997404, 0.10365024159681735, 0.10293851246477428, 0.1030182962425736, 0.102506783723056, 0.10176491990375039, 0.1021638039508674, 0.10078010652599839, 0.10063625196403986, 0.10020120205687168, 0.09960059759139973, 0.09936848342334732, 0.09927160610298447, 0.09799404051796279, 0.09810079420841936, 0.09854574364445061, 0.0979233161733014, 0.09663880627688777, 0.09710208265123996, 0.0962993636476018, 0.09618410916058608, 0.09575077998588248, 0.096411480963958, 0.09476709124906771, 0.09426800212873339, 0.09362945426719042]"
0.8,0.3,"(4,)",0.9768403639371381,0.9556840077071291,0.957358940661323,0.9556840077071291,0.9562424225988485,0.008218830396251634,"[0.8902913800103234, 0.6817866634363912, 0.4817514999841351, 0.37673488900016916, 0.32884701096269403, 0.287178773430922, 0.25930254839531164, 0.249718062900403, 0.24266663363387186, 0.2544701200857219, 0.22410673264948028, 0.2280010855822827, 0.2126315455964619, 0.21359496316161883, 0.19970481238816065, 0.2000270406265302, 0.1879602247920171, 0.18153208435126664, 0.1742034400618995, 0.1657555345065765, 0.1688713301951434, 0.16320072354084778, 0.1424206904521416, 0.14251980508442819, 0.1440501033085841, 0.14414503705511306, 0.13848736674418963, 0.1509101971457184, 0.1439501636263045, 0.12937011229810738, 0.13155506896577965, 0.14248968715090526, 0.1320571968242933, 0.12971223066267626, 0.13177077225666828, 0.13240618219083827, 0.12826201347694244, 0.1271625651691858, 0.13071484155493812, 0.1392666290902517, 0.12648077279176703, 0.12951163608209496, 0.13084105331157594, 0.13675868855410334, 0.12511351462404693, 0.12206990732452774, 0.12752953215497875, 0.12088713956698717, 0.11030895582339909, 0.16677376254526516, 0.11744201238806191, 0.11745156435354236, 0.10565095636884611, 0.12518207517605423, 0.13242245435014474, 0.10302773169617949, 0.10597794429238885, 0.10450091583823756, 0.11570884967491851, 0.09491829569532595, 0.08540922106142969, 0.10145833191231877, 0.08968759293715592, 0.09350875304380951, 0.09400234316245666, 0.09309734485364765, 0.09066594913246621, 0.08622678122516396, 0.09352472128466598, 0.09280008309126057, 0.10018767544384057, 0.08612424304374393, 0.08577739315643262, 0.09969762275793977, 0.07986704361261694, 0.08106708645548802, 0.08759868682047643, 0.08880765457946628, 0.0928685561935935, 0.09543342433350237, 0.07744572949341126, 0.08165655332386255, 0.09658218457402966, 0.0833045967826366, 0.08167526229923389, 0.07558916548871053, 0.10441977935809486, 0.07939486462621832, 0.0752730095426681, 0.08340531817131114, 0.08111971402728667, 0.0777580255739828, 0.081833571041512, 0.09944819036275573, 0.07693925225046633, 0.08602292008740321, 0.08557004338761909, 0.08877598611976958, 0.09246254477397103, 0.07578770189243077, 0.08526655881055156, 0.08009260812778923, 0.09478783510503343, 0.07762545427202637, 0.0840330095297766, 0.07522652356595128, 0.08472437427634784, 0.07296606807296101, 0.08457389005369817, 0.08142031707782277, 0.06874996053408558, 0.06995980576840861, 0.11060092363490343, 0.07507335263850745, 0.08059797772344733, 0.07712652700579131, 0.07990962813301816, 0.07422065907185518, 0.07359971697816603, 0.07637059143147157, 0.0737867057622139, 0.0764036125807765, 0.08445018657030776, 0.0776234657984101, 0.07692498636220323, 0.07415005885342055, 0.07410049911297767, 0.06718519794516965, 0.07264804663255839, 0.06756785345376921, 0.06558702287337767, 0.0805453413783842, 0.08945121971954119, 0.07542528795054361, 0.08144622161942239, 0.07464625982288425, 0.07535489375494085, 0.07322349373779508, 0.07498205328192092, 0.07194649061062126, 0.07372198658908805, 0.07382952248698928, 0.07154051450447524, 0.06962180254742953, 0.07292068777468415, 0.07293580616458473, 0.06934611554862202, 0.07751727309358482, 0.06495181073424712, 0.06802257049462702, 0.07065992418460493, 0.07159497060678781, 0.0682104311210635, 0.07848198486407333, 0.07877131976568755, 0.07404376321970295, 0.0664439226894021, 0.0635394944506298, 0.07442190672088402, 0.08081987847754583, 0.07784013638116252, 0.0706557219529006, 0.07548074620495213, 0.07608874246612238, 0.07339769605321646, 0.0726932872370947, 0.08094013391331943, 0.0691911175406902, 0.06622636183158831, 0.06207035135081061, 0.06355377562255803, 0.08070238285440755, 0.07329606340324694, 0.0723372353073269, 0.06954796768656672, 0.06599524927840765, 0.06731119849646677, 0.08352050686578681, 0.072196609160707, 0.07139772306143229, 0.06780037622316061, 0.0635897403297471, 0.08023100245413493, 0.07818915185306895, 0.07001951735433255, 0.06199468852089369, 0.06907033595709443, 0.06672225494246392, 0.06503940996825068, 0.06434839581914283, 0.07628565895221892]"
0.1,0.3,"(4,)",0.9578163771712159,0.9518304431599229,0.9514807822472203,0.9518304431599229,0.9515491070198723,0.015939277058790936,"[1.242200641191468, 0.9158442383099725, 0.8489867180616304, 0.8234215758377007, 0.8080998521203296, 0.7923804784604894, 0.775298715915651, 0.7520310909066303, 0.7167433198456791, 0.6775709865096828, 0.6339347822113902, 0.595456083547132, 0.5638943241955153, 0.5343361456951212, 0.5082683221400154, 0.4843905079530537, 0.46360467905776603, 0.4463668651579747, 0.4328642559139455, 0.42073555050374767, 0.41091966222710186, 0.4025873133519888, 0.3954330568520951, 0.38950707475841034, 0.3845674700888476, 0.38022068295331013, 0.3761461534819564, 0.372402343373749, 0.37066503010901486, 0.3653047851377687, 0.3640936567791806, 0.3605173877794331, 0.35747051850275435, 0.3536915226895191, 0.3526403995757011, 0.35060135893760563, 0.3492050387308058, 0.3464302547700771, 0.3441330856098233, 0.3429761316836904, 0.3392266108851065, 0.33808354797414975, 0.3352087527492218, 0.3327697357152207, 0.3306003182265396, 0.3265698116347773, 0.3237376297525125, 0.31902933102806336, 0.31482788631442993, 0.30912465124448807, 0.3021689750831668, 0.29463266288226847, 0.28840573038078604, 0.2818292112562543, 0.2750743400982724, 0.27000242752148984, 0.2633123954311162, 0.2580373155041927, 0.2555733254533225, 0.24914723633784255, 0.24515749238962292, 0.24501235261480844, 0.23885965272835513, 0.23513567278122527, 0.23263531779798394, 0.2310917721262749, 0.22854727087687096, 0.22530883374497968, 0.2230279460094537, 0.22191490900560912, 0.2176598564374536, 0.2182265452934172, 0.21534263469477946, 0.21255154352950806, 0.21295239131019086, 0.21180682648392274, 0.2074394964812262, 0.2074509148861073, 0.20582749139547163, 0.20463859164560907, 0.20616680042847227, 0.2022368208186176, 0.20066687459637095, 0.20061143474582258, 0.1976115131287641, 0.1971523113787862, 0.1989110900928935, 0.19326413809546605, 0.1937731142153959, 0.19568643281860515, 0.19135746746145393, 0.1914729573991266, 0.19151729645452392, 0.19143668258759325, 0.18881211021877412, 0.1893675177882548, 0.18819148234599167, 0.1872915068913473, 0.18536415169417123, 0.18259104686813096, 0.1854828284075667, 0.18389100038409703, 0.1850412786085486, 0.18144907542831917, 0.1819042222886102, 0.17993672229047752, 0.17794081607811765, 0.17875717644920833, 0.17910744656857858, 0.1776472613769186, 0.1764820434338006, 0.17395257117732477, 0.17804567504905094, 0.17503253054700313, 0.17286964988362719, 0.17381425545924223, 0.17234368072525547, 0.17155974263999516, 0.171847255939394, 0.17032509296682136, 0.16989735765399053, 0.16860573734528272, 0.16935779298397122, 0.16804950912975877, 0.16717475914937, 0.16554775027074026, 0.1692344643185768, 0.16346878443896282, 0.1632859108927968, 0.16394045095249105, 0.16361150831294707, 0.16429823178553213, 0.16402659166363037, 0.1635299299836809, 0.1616997741698301, 0.15913028366811602, 0.1595557844279482, 0.15861983147656883, 0.1583250086708011, 0.1569673731694962, 0.15660844188288042, 0.15566478691237548, 0.15348007368884622, 0.15333237106827077, 0.15216905972677064, 0.15178164229713095, 0.1512339916490206, 0.1512728805582689, 0.14978233371193378, 0.1486386837525817, 0.1476661755245569, 0.14873800681902527, 0.14668634783847398, 0.14753407651269465, 0.14733200710159905, 0.1428025071227115, 0.14375391044860505, 0.14278131254877574, 0.14391156867538313, 0.14213365625564894, 0.14089171167256845, 0.1401032235526962, 0.13821816245824728, 0.14004120536507572, 0.1379096803995818, 0.1367703972968299, 0.136421466837231, 0.13652731366585336, 0.13557623448029643, 0.13449179241435397, 0.13473747223274146, 0.13483818367463973, 0.13217866562674802, 0.13332326689483098, 0.1339538277171999, 0.1307923872085094, 0.13084394683634834, 0.13119852344445485, 0.13001860938468227, 0.13072588670225394, 0.12990164673879753, 0.1292206591929614, 0.13047375865403255, 0.128175208699066, 0.12753035065289106, 0.12800829768941757, 0.1276776290557368, 0.12716617980802405, 0.12593604442247222, 0.1252580473075826, 0.12641637367821248, 0.12613938160546412, 0.1262456432077587, 0.1240892312849947, 0.12586844727168572, 0.12403859901343123, 0.12319357357191438, 0.12446009072651411, 0.12350398616820671, 0.12161669167324798]"
0.01,0.9,"(4,)",0.9404466501240695,0.928709055876686,0.928345344674026,0.928709055876686,0.9279349158055857,0.021591816692456876,"[1.4668246686308375, 1.0308825373570674, 0.894820229690773, 0.8470733144494024, 0.8263410265050133, 0.8147746907704055, 0.8050120614536752, 0.7954289533495146, 0.7852997379690312, 0.7723387258340931, 0.756342856515615, 0.7373286430917049, 0.7128493971987775, 0.6857759516335735, 0.6564194632916603, 0.6252559541193488, 0.5952165132754859, 0.5677959335518039, 0.5419713689013906, 0.5192623685613702, 0.4991282595259651, 0.48107476601140375, 0.4656077459211841, 0.45212342347740386, 0.44079846998426875, 0.42925176171525714, 0.4201323720177679, 0.41144284748527576, 0.4031325360997613, 0.3966464928995058, 0.3886529428501537, 0.3815744350030423, 0.37508230975955975, 0.3696628673754701, 0.3627659495551823, 0.3570068784687025, 0.35052011464795274, 0.34531766354043575, 0.3392176749581579, 0.3345199281716134, 0.3290291016388924, 0.3240716099841063, 0.31945665275985546, 0.3147830676741357, 0.30972306816332174, 0.30596635918683635, 0.3023123869339859, 0.29837857723280414, 0.29496904905965976, 0.2909698294381819, 0.28870233038466053, 0.2856755237480262, 0.28301400777078783, 0.28018009779464303, 0.27702275378131136, 0.2746956366624678, 0.27318695994252545, 0.269929879144686, 0.2678820535033688, 0.2659161521701316, 0.26324363911271953, 0.2614593186740044, 0.25961813817692564, 0.2582493156262936, 0.2559876323082284, 0.2549859121875579, 0.25325775441089543, 0.2528040933564889, 0.2518114792031354, 0.24855271751135108, 0.24669249344476227, 0.2461232085607798, 0.2441164231520382, 0.24302129496405142, 0.2416066441832995, 0.23989573457198743, 0.2390125151763837, 0.23748274483051152, 0.23645151486744811, 0.2357371057220471, 0.23420633394172466, 0.23375139885192514, 0.2337407763634639, 0.23205161882186007, 0.2309145257421624, 0.23041345356605744, 0.22982113377464997, 0.2291603700891332, 0.22798981756873918, 0.22605711084081806, 0.22549316845154038, 0.22444342884502988, 0.22480535462125695, 0.22313169736219543, 0.2218270810587856, 0.22118270200649176, 0.22122319905574553, 0.22015205629419332, 0.21906632210857988, 0.21907019504362774, 0.21826401159368436, 0.21632743742323363, 0.21617368954440724, 0.21539933480482784, 0.2144985385517349, 0.21439378238218632, 0.2136864968128927, 0.21219809257452144, 0.2123350054837072, 0.21109000117263169, 0.21146579763946066, 0.2100601320178279, 0.20988038942594606, 0.20858487301875625, 0.20822510973510513, 0.2073099794323962, 0.2065536772109601, 0.20600123413549165, 0.2056661408215396, 0.2052240107338301, 0.2045251430520148, 0.20505854767811843, 0.2035497974618154, 0.20263673143916758, 0.20276589982817939, 0.2013778672463092, 0.20294717770206977, 0.20110511213063148, 0.20041430802026644, 0.1996382878876951, 0.19948525253100768, 0.198600737173342, 0.19818340029487977, 0.19787273341454414, 0.19797311107253895, 0.1967277173196775, 0.1958619629281163, 0.19676839364665782, 0.19573312950153257, 0.19503123949741052, 0.19476146217989773, 0.19328460099953554, 0.19292643409576513, 0.19259457267460323, 0.1919630801067382, 0.19163802247238088, 0.19198656278259243, 0.19137014862359672, 0.19055643646182086, 0.19021305007772885, 0.189742413556455, 0.18961219616870603, 0.1888326186819916, 0.18847961400012514, 0.18879257432288107, 0.1877534798218976, 0.1867233468215274, 0.18687946015719395, 0.18566062974407324, 0.18605658229112437, 0.18522064018564638, 0.18485365959012887, 0.18398505764639275, 0.18301100271246687, 0.18334821859496267, 0.18337217511052484, 0.1821043015123076, 0.18110612435000634, 0.18059010025591174, 0.18023671371798128, 0.17958412950656313, 0.1793425163475832, 0.17853795328841246, 0.17748442297165293, 0.17694358722215944, 0.1766000838788469, 0.17636089694148196, 0.1769213027563711, 0.17436715193276492, 0.173411539705819, 0.17325448479949337, 0.17279843196060563, 0.17226656599519416, 0.17127149099229363, 0.17096279420982438, 0.17124608570011401, 0.17031742680688486, 0.16867024794718352, 0.16917817795597448, 0.1685129062280843, 0.16789540311043352, 0.16707383281746088, 0.16673023681312346, 0.16652071579821862, 0.16597210339382962, 0.16582174898531055, 0.16460727606338463, 0.16425575326495256, 0.16471872194309412, 0.16384220118472204]"
0.1,0.9,"(4,)",0.9288668320926385,0.9210019267822736,0.9165068681965017,0.9210019267822736,0.9169949496517361,0.024432251009047196,"[1.0158470610376034, 0.7700213137066462, 0.5365480335162244, 0.38184898553393937, 0.32073739737241913, 0.2640479749027273, 0.24314237847583106, 0.23022920929514024, 0.22359468636376634, 0.21593659871250342, 0.2093622363322085, 0.20238558805683987, 0.20320067004171322, 0.20221165243023725, 0.20064849079692978, 0.20319557929013446, 0.19274784317381488, 0.20250751091669117, 0.19756026194975218, 0.1897549906547416, 0.19051176338958442, 0.18617750584149084, 0.18665273151340045, 0.1881946630974299, 0.18720187582641215, 0.18739316965176286, 0.18535363157543142, 0.18700656078768604, 0.1927521880825569, 0.19350620038657643, 0.1974923323351403, 0.18655259428241167, 0.190597450247399, 0.18063393575074171, 0.1824521091024957, 0.18970890729580214, 0.18617926966039658, 0.18220989790332046, 0.18671101245290886, 0.1851689489686418, 0.18042578572420934, 0.18239367640063467, 0.18437045090261858, 0.1855575401216365, 0.1801906415658641, 0.17963972295279293, 0.18694329510716173, 0.1789396615423859, 0.18177737127789664, 0.17904816892115613, 0.18149408065478465, 0.18385429781991364, 0.1816346187448541, 0.1828442313915076, 0.1763347528038322, 0.1786641728369722, 0.18023934980048842, 0.17766091081016813, 0.18358095420059858, 0.17622701567492807, 0.17666201720931865, 0.17951988497766477, 0.17894254132806894, 0.17618883050772555, 0.18376710179323946, 0.1884593779876443, 0.18054133891220397, 0.18452822562232704, 0.18072771635625148, 0.17794110326750306, 0.17788169504916684, 0.18381620447251357, 0.18006978602980092, 0.17351598844773689, 0.18088516409155408, 0.17813392832182115, 0.1744954643415238, 0.17503278058087676, 0.17818365074083706, 0.17263534217406992, 0.1769847230203743, 0.17703408576314605, 0.18430654299645788, 0.1828251246175429, 0.1812223753201615, 0.17935314223305251, 0.17639113865244746, 0.17170385574178348, 0.17751917307443135, 0.18197934240842426, 0.17278013384340452, 0.18334140443312594, 0.1841396384882881, 0.17783594235561273, 0.17778066060560388, 0.17259464308828726, 0.18178668893106162, 0.17767129531918743, 0.17806079612428197, 0.17535545202984362, 0.17600955283560837, 0.1782073719833963, 0.18121459953699343, 0.1832839168107339, 0.1767202387585781, 0.17419540164284492, 0.17125301180637917, 0.17740676732905333, 0.1890763094359446, 0.17143724790541687, 0.17451448719985474, 0.1697433160140594, 0.17600784348383192, 0.18511943778289253, 0.17621594928344692, 0.18366464681360636, 0.1758388063823846, 0.16908358126462683, 0.17002661480657455, 0.17787409456186107, 0.1686972913937609, 0.1686583827138985, 0.1733366933623883, 0.17107729799349888, 0.17088471057856017, 0.17073658944597542, 0.1763237427875306, 0.17150256463839939, 0.17143263988498422, 0.17263588382802014, 0.16537910834749253, 0.17456889637295064, 0.1738682412799968, 0.1700451358481451, 0.1723989463852368, 0.17574756511863207, 0.17238562465887985, 0.1696275351410844, 0.16806558996284152, 0.17200123186273003, 0.17537325752231075, 0.1695071590630008, 0.16975803102643092, 0.16808455255226457, 0.1698035910010156, 0.16912675689422763, 0.17047505477116517, 0.17116497006106737, 0.17578815055013416, 0.174879040466091, 0.1665351548411192, 0.16765230040992732]"
0.8,0.9,"(4,)",0.9255583126550868,0.9190751445086706,0.9162535567622272,0.9190751445086706,0.9149320370219218,0.02908090512333129,"[0.7791686160639547, 0.3939488150518645, 0.31043157489394263, 0.2391007806289092, 0.2525436195762472, 0.2229356542529995, 0.19469532756949223, 0.20858649924403103, 0.2700077501323865, 0.20854913128895733, 0.16761502191821256, 0.1907506733968227, 0.1748492996823531, 0.17945383436629608, 0.2091142332183743, 0.2494688527470499, 0.2023538489572347, 0.2091170160702005, 0.17978121228555485, 0.20725813869272544, 0.2670720085489642, 0.26217289709509484, 0.20002086660816057, 0.1731176206563975, 0.16669068907903478, 0.16921212593934898, 0.13352204701688888, 0.2414984198172547, 0.19853463186908715, 0.17347023043544044, 0.24988045989078625, 0.2434107762408869, 0.26497903152783314, 0.21894427141934045, 0.2728916350686959, 0.23954586046998844, 0.20050040405103567, 0.21587275563232847, 0.20539203643649617, 0.22963205754191338, 0.26917086627315107, 0.29102439851355216, 0.19967558337798258, 0.2609933064563366, 0.2517365546525696, 0.19795885229095533, 0.28377968925909786, 0.3007576284100035]"
0.01,0.3,"(16,)",0.9032258064516129,0.9017341040462428,0.9072799961569271,0.9017341040462428,0.8951675640899966,0.03192637432696255,"[1.2186762350722162, 1.0509778878397753, 0.9498285649910673, 0.8857271960230833, 0.8406145186375346, 0.8062629831146171, 0.778333148002777, 0.7547759032504829, 0.7341791927190795, 0.7158902132644223, 0.6992039251660249, 0.683850216311436, 0.6697122194166375, 0.6564092477911226, 0.6437366387810275, 0.6317983403339357, 0.6205059382025389, 0.6095176493818345, 0.5992046740720903, 0.5892195838809761, 0.5796512709257599, 0.5704653985457391, 0.5616171632690734, 0.553027219727839, 0.5448468422287017, 0.536864817199528, 0.5292855029143043, 0.521968282961088, 0.5149113981426726, 0.508196372567337, 0.5015449678978139, 0.49538271365642866, 0.48938713630667524, 0.4835751196154352, 0.47796179818522516, 0.4726230776755623, 0.46757906185412323, 0.46260658351516903, 0.4579442779250849, 0.45331354552926495, 0.44898161023975175, 0.4447881594435746, 0.4408263404822106, 0.4368326558821212, 0.43306296101619685, 0.4295383374397687, 0.4259242531463405, 0.4225426964042655, 0.4191769788498596, 0.4159881204219904, 0.4129509044719338, 0.4099499564327701, 0.40718913982170696, 0.4044023452332103, 0.401576902402127, 0.3989570920227507, 0.396405493530133, 0.39386767120046123, 0.3913945589718917, 0.38892556508556425, 0.38662492821451305, 0.38449166036766014, 0.3821781916497077, 0.3799250008399752, 0.3777279101358193, 0.3756193479152399, 0.37346025549828876, 0.3714563712665449, 0.36950964754279564, 0.3675682502143414, 0.36568911972929424, 0.3637843448760083, 0.3619794370072901, 0.36002619195505925, 0.35815843593631763, 0.3563127002460184, 0.35465649724478926, 0.35285859505806555, 0.3512147542350349, 0.34949539350299597, 0.3478734130770195, 0.34617782573795974, 0.3445569436183496, 0.34301086328844815, 0.3413303592607918, 0.3397933450258955, 0.33841037360004284, 0.33681956357152704, 0.3352847764727749, 0.33381723602463376, 0.33245436353242047, 0.3310747389063509, 0.3295054958543136, 0.3281178135051457, 0.3268224249270212, 0.3252895109928139, 0.3239335458411374, 0.3225293431636652, 0.3212563565180888, 0.31990274164550137, 0.3187037640980679, 0.31729212798020434, 0.31608122595301835, 0.3147408025625805, 0.313458542075586, 0.31223069539840737, 0.31103691269826705, 0.3100368441094204, 0.3085912833978324, 0.30743184978046767, 0.3062195903907197, 0.30521385904569137, 0.3040224223671302, 0.3028668735697644, 0.30162818515655226, 0.3006430869586902, 0.2994469656305523, 0.2982977631057031, 0.29720123300193596, 0.29622094982813757, 0.29505472481366574, 0.2939432326747787, 0.2929186888801315, 0.29197654006679535, 0.2908400678683746, 0.2898544677728348, 0.2888371870141098, 0.2877135861518346, 0.28669731500159146, 0.2856699995521973, 0.2846797999792005, 0.28370362629917434, 0.2826866855657086, 0.28170912011984517, 0.2808323183466494, 0.2798225069241327, 0.2788602304535681, 0.27791600655196064, 0.27705148259785184, 0.2760694957689788, 0.2751006319357354, 0.2742256009994103, 0.2732888748104084, 0.27254116622387503, 0.2714408546504095, 0.27060662970191063, 0.2697441379195023, 0.26882864290033787, 0.2680587483942022, 0.2672156754236263, 0.26631123076972424, 0.265458634128384, 0.26471842130249884, 0.26382788501717325, 0.2629308504749616, 0.2620656174378303, 0.2614859800164885, 0.2606815882941079, 0.25971946529843526, 0.2590065966176296, 0.25825070501758596, 0.2574743719957705, 0.25670608609783724, 0.25594959972741194, 0.25511179134245554, 0.25447078236980675, 0.2537533517801632, 0.2530951412649953, 0.2523945367842335, 0.2515501679888031, 0.251009422213699, 0.25024078902619123, 0.24944913752613052, 0.24877700617169907, 0.24807838872932972, 0.24742918915584314, 0.2468068685463392, 0.24601810308415684, 0.24549462013715995, 0.24462389307743865, 0.24415973667518936, 0.24337396998777439, 0.24272572378314322, 0.24214125382519547, 0.24140578191061107, 0.24088710754794485, 0.2401660211791548, 0.23957277455236098, 0.23902397127571542, 0.23837369644938122, 0.23761004259931578, 0.23716842609466549, 0.23635673173135072, 0.23582983541823976, 0.2352699263610598, 0.23477314960999965, 0.23403442931536167, 0.23356669208761796, 0.23295120932515764, 0.23234337103312758]"
0.01,0.3,"(8,)",0.8858560794044665,0.8786127167630058,0.8873352232645798,0.8786127167630058,0.8629644987491273,0.036609622148246763,"[1.452247295496285, 1.2709328921236933, 1.1594978328568486, 1.0810870657535256, 1.0211620953380929, 0.9736935929967183, 0.9347107369638987, 0.9015505838649991, 0.8725035926153829, 0.8466261198956854, 0.823021468369294, 0.8010548865381393, 0.7808287196541723, 0.7617997227377405, 0.744062896208773, 0.7271253304052366, 0.7110329513844732, 0.6956881275040766, 0.6812008031528515, 0.6672973528316417, 0.6541288037731343, 0.6414868711899393, 0.6291341927513998, 0.6172897411974126, 0.6058375356550456, 0.594790922875207, 0.584249246369412, 0.5742151402135883, 0.5646227604686282, 0.5554365784743255, 0.5465615806251324, 0.5380040197689775, 0.5297417302842345, 0.5220115464461075, 0.514541368249946, 0.5074213979424457, 0.5006080474794188, 0.494109769075731, 0.488088933185612, 0.48229613415873623, 0.47682686639256583, 0.47152154269786084, 0.46650288758151903, 0.46167290583538706, 0.45706272885815685, 0.4526014509539996, 0.4484935240577446, 0.4443646607029907, 0.4404728706168153, 0.4368703688108005, 0.4332543732191318, 0.42977108233344813, 0.426465645327273, 0.423350527759329, 0.4202896748316231, 0.4173414513937911, 0.4145755858360014, 0.41178742655539863, 0.4092251080278181, 0.4065928579351816, 0.4041537744749236, 0.4018506560703385, 0.3995402395311678, 0.3971947151924543, 0.395035717998093, 0.392991609116741, 0.39097962526812174, 0.38894585213372634, 0.3870946939081795, 0.3853431265636573, 0.3834153018319663, 0.38158977950049705, 0.3798628296267898, 0.37821139253828123, 0.37656977456892743, 0.3749783634788809, 0.37342820577546787, 0.3719175305884115, 0.3703362701326348, 0.36879880569603996, 0.36736516332572255, 0.36598022492109866, 0.3645027600956997, 0.36320989041681984, 0.36190779540664253, 0.36050066862182817, 0.35914998822999883, 0.3579900120256627, 0.35668328259926285, 0.35543170490955694, 0.3542454366581241, 0.3530280082674573, 0.35189753811854557, 0.3506328342229793, 0.3494866247300634, 0.34837447592176196, 0.3472335003220655, 0.3461317465316918, 0.34501894916145165, 0.3440124084606581, 0.34291192375441076, 0.34193039032431666, 0.340784341474326, 0.33972580162995003, 0.3387097544824077, 0.3375469659613005, 0.336567106122274, 0.3355535209596835, 0.3344894425765303, 0.33357380664810055, 0.33254707721801957, 0.33168230324912146, 0.3306258360658418, 0.3296097113541825, 0.32858193474712594, 0.3277161265657381, 0.3266991126431764, 0.3257858030895809, 0.32478052807052693, 0.3239857826521747, 0.32289615294083623, 0.3219874105982866, 0.32102412581726814, 0.32021043172618113, 0.319139307192099, 0.3183223683859725, 0.31740477775901027, 0.316549205080328, 0.3156695733187232, 0.31476196634713227, 0.3139040596669147, 0.3129734884865968, 0.31208079061467325, 0.311074549535949, 0.3103669874833448, 0.30945641237346583, 0.3085552614689373, 0.30772541229556044, 0.30680411948393493, 0.30607619671143077, 0.3050858868736828, 0.30425380869084045, 0.303529423966483, 0.30259742157060865, 0.3016449194818179, 0.3009002524746726, 0.30009644833539134, 0.29917786851892925, 0.29839049257263006, 0.2975842237559494, 0.29663260773169936, 0.29579045170031204, 0.29511716096842744, 0.29424864301069287, 0.29350251094600593, 0.29266451229073637, 0.29176495897638965, 0.2910985575250448, 0.29028720564894284, 0.2894086245958958, 0.2886150950069167, 0.2878982297393946, 0.2870788625334526, 0.2862469827796196, 0.28557060774988086, 0.2847651471736689, 0.2841160077306454, 0.2831863344176981, 0.2823736101142558, 0.2816427574951534, 0.28091205755240833, 0.2802569677604434, 0.2794447295669441, 0.278750290931611, 0.27789273217987054, 0.27719067272249576, 0.2765176023464283, 0.2759212909124773, 0.2750822209433573, 0.27430814173784696, 0.273565471804778, 0.2728595600773111, 0.27220896749937695, 0.27158736632980524, 0.27094732536467553, 0.27006927176036255, 0.2694281773131791, 0.2686282964702889, 0.2680794668551542, 0.26745126986070544, 0.2666730032640094, 0.2660814120901376, 0.2653380961511613, 0.26470384585657325, 0.26396097064249197, 0.26331394044462125, 0.262698132032079, 0.2620613864477527, 0.26130768584205033, 0.26069430839152746]"
0.01,0.3,"(4,)",0.8684863523573201,0.8554913294797688,0.8005652615206547,0.8554913294797688,0.8254154321723672,0.05157484850314834,"[1.6201166687434578, 1.4807545919396028, 1.3692916720597563, 1.2788028110127614, 1.2052114311765034, 1.1449589976328127, 1.0958870962667389, 1.0559303722087077, 1.0229133420544685, 0.9958343461241779, 0.9732099774940561, 0.9542642167802142, 0.9381377906272276, 0.9244480054872918, 0.9126238200555673, 0.9023095290098524, 0.8932479255775295, 0.8852159259849194, 0.8781055850436769, 0.8716910887606305, 0.8660802069056937, 0.8608921124981248, 0.8561631700447715, 0.851827785977142, 0.8479210927890943, 0.8442894361973384, 0.8410111083051978, 0.8379478935646107, 0.8351267256416252, 0.832484621055527, 0.8300528460641724, 0.827695840559476, 0.8255273137127668, 0.8235529056996717, 0.8215435410624496, 0.8196953674882637, 0.8179153533812874, 0.8162699451341112, 0.8146631081515265, 0.8131748577380062, 0.8115148284548016, 0.8100031662054054, 0.8084397865239958, 0.8069888799887078, 0.8055108504914629, 0.8040315267340096, 0.8026790153187421, 0.8012534953889475, 0.7998095591789544, 0.7983135195400336, 0.7970029525698098, 0.7954792322974142, 0.7939844983568974, 0.7924612131062009, 0.7908535526260283, 0.7891896075550772, 0.7875606209894959, 0.7857713578891299, 0.7841425327254766, 0.7822458629334076, 0.7804077078835459, 0.778612280730749, 0.7766686265901808, 0.7746738471602104, 0.772674880990217, 0.7705271750473432, 0.7682618333265617, 0.7659939814565758, 0.7635353933965612, 0.7610506278882068, 0.7584266719782463, 0.7557823658822728, 0.7529284595116519, 0.7500596459098265, 0.7471505889932974, 0.7439704435756186, 0.7408056732044237, 0.7375969577110663, 0.7343116341009298, 0.7309254829283708, 0.7274226150945174, 0.7236975507869651, 0.7200618217396857, 0.716206933369659, 0.7120531085653561, 0.7080752729553548, 0.7039013743757304, 0.6996873069560064, 0.6954808288984183, 0.6912362310019502, 0.687031002902122, 0.6827390484401302, 0.6784383225018203, 0.6740476684796365, 0.669583998059256, 0.6652674670792655, 0.6609638881519895, 0.6563703420386767, 0.6520009390761015, 0.6475256611575164, 0.6432015416224546, 0.6389462777868139, 0.634858760446296, 0.6306485691196083, 0.6265789692883732, 0.6226131014867338, 0.6187688269877177, 0.6150082355156449, 0.6112582213716593, 0.6076433977710846, 0.6042009112491923, 0.6005748991382968, 0.5973188787094954, 0.5939574414961041, 0.59077922837521, 0.5875632227660228, 0.5845335441181323, 0.5812384049312269, 0.5782556100381507, 0.5751287365616868, 0.5721846881054115, 0.5692566370591119, 0.5662665370211916, 0.5634018309889489, 0.5604441635894989, 0.5576747520773874, 0.5546506594559464, 0.5517295431799795, 0.5488696573587291, 0.5460271309589247, 0.5432431495162374, 0.5404614063646013, 0.5375533476814243, 0.5347406089311899, 0.5318432275543888, 0.5289962903411713, 0.5260830916189573, 0.5233881609648909, 0.520498012461127, 0.517554195223307, 0.5146849994472895, 0.5117698106295926, 0.509006453983012, 0.5063185095620603, 0.5035785771507603, 0.5009479961965064, 0.49837581629686123, 0.4958798313259195, 0.4934320297657126, 0.4907439281227395, 0.48827100613556434, 0.4859947584634453, 0.4836271231723475, 0.4812350266842122, 0.47886117407680806, 0.4762712257743638, 0.47402577267501556, 0.47160667296652187, 0.4693698877425459, 0.4671975469223004, 0.4648137391838, 0.4627816309582033, 0.4605613563751715, 0.4585950373190967, 0.4565715534744068, 0.4545854164037749, 0.4526350891032257, 0.4508449625479635, 0.44898537412366096, 0.4470770071499729, 0.4453655540669981, 0.4436855004117695, 0.4416755091118485, 0.4400769363332584, 0.4384037339097422, 0.4368610620695814, 0.43525009478885357, 0.43392102091618, 0.43220978979334507, 0.43071989735398003, 0.4293692163499209, 0.4278763183728097, 0.42659262075103976, 0.4250433055907064, 0.4238783714175322, 0.4225754080750894, 0.42117820510149584, 0.41991784923891634, 0.4185907446900192, 0.4173806988672065, 0.41623836832287486, 0.41504191910257127, 0.41389159378992835, 0.41276087482869955, 0.4116150779737862, 0.4105087610210668, 0.4093907530926153, 0.4083374989032566, 0.4074015288938045, 0.40643553796354437]"
0.8,0.9,"(8,)",0.7783291976840364,0.7764932562620424,0.8097323357438965,0.7764932562620424,0.7661364358526136,0.06977625960633482,"[0.6240017104953118, 0.3708338992209125, 0.3243257945060039, 0.2859444686573364, 1.120608592839449, 0.5856648284163417, 0.5493515960436992, 0.5486275273605109, 0.5469028337899465, 0.5452579366799147, 0.5502833054235302, 0.5502500852322423, 0.5476654283104503, 0.5440701592827848, 0.5469025637550884, 0.5431763049230905, 0.5431796543236552, 0.5425759488876954, 0.5440398452467602, 0.5461718292952585, 0.5446037190014599, 0.5542205566197969, 0.5450035921141767, 0.5500111250729764, 0.5452982330159334]"
